"","codp","cods","tipc","tip","um","fum","ecran","per","denumire"
"1",103,NA,1,NA,""," ","","3","FAINA  "
"2",103,10301,1,NA,"    KG"," ","A1","3","FAINA ALBA (TIP 650) -  PREAMBALATA "
"3",103,10302,1,NA,"    KG"," ","A1","3","FAINA ALBA SUPERIOARA (480 TIP  000) - PREAMBALATA "
"4",104,NA,1,NA,""," ","","3","MALAI  "
"5",104,10402,1,NA,"    KG"," ","A1","3","MALAI EXTRA INDIGEN -  PREAMBALAT "
"6",105,NA,1,NA,""," ","","3","PIINE  "
"7",105,10501,1,NA,"    KG","1","A2","3","PIINE ALBA SIMPLA  "
"8",105,10502,1,NA,"    KG","1","A2","3","PIINE ALBA, FORMAT BAGHETA  "
"9",105,10503,1,NA,"    KG","1","A2","3","PIINE NEAGRA SIMPLA, FORMAT  ROTUND, OVAL SAU LUNG "
"10",105,10504,1,NA,"    KG","1","A2","3","PIINE ALBA, ACLORIDA (FARA  SARE) "
"11",105,10505,1,NA,"    KG","1","A2","3","PIINE GRAHAM  "
"12",105,10506,1,NA,"    KG","1","A2","3","PIINE ALBA DE CALITATE SUPERI-  OARA, CU AMELIORATORI "
"13",105,10507,1,NA,"    KG","1","A2","3","PIINE FELIATA (PACHET CELOFAN)  "
"14",105,10508,1,NA,"    KG","1","A2","3","PIINE DIN FAINURI SPECIALE -  PREAMBALATA "
"15",105,10509,1,NA,"    KG","1","A2","3","PIINE SEMIALBA (INTERMEDIARA,  INTEGRALA) "
"16",105,10510,1,NA,"    KG","1","A2","3","PIINE ALBA CU CARTOFI  "
"17",106,NA,1,NA,""," ","","3","PRODUSE DE FRANZELARIE  "
"18",106,10601,1,NA,"  BUCATA","1","A2","3","BATOANE (80-100 G)  "
"19",106,10602,1,NA,"  BUCATA","1","A2","3","CHIFLE SIMPLE, DIN FAINA ALBA  (50-100 G) "
"20",106,10604,1,NA,"  BUCATA","1","A2","3","CORNURI (80-100 G)  "
"21",106,10605,1,NA,"  BUCATA","1","A2","3","COVRIGI CU SARE SI MAC  (CCA. 50-100 G) "
"22",107,NA,1,NA,""," ","","3","BISCUITI  "
"23",107,10701,1,NA,"    KG"," ","A14","3","BISCUITI SIMPLI - VRAC  "
"24",107,10702,1,NA,"    KG"," ","A14","3","BISCUITI TIP MIRELA"" - VRAC""  "
"25",107,10704,1,NA,"  PACHET","1","A3","3","BISCUITI FRAGEZI, DULCI, CU  CACAO, TIP PICNIC"" (60-85 G)"" "
"26",107,10705,1,NA,"  PACHET","1","A3","3","BISCUITI TIP EUGENIA"" (PACHET""  DE 25-40 G) "
"27",107,10707,1,NA,"  PACHET","2","A3","3","BISCUITI CU CREMA (70-85 G)  "
"28",107,10708,1,NA,"  PACHET","2","A3","3","BISCUITI DULCI, TIP PETIT""  BEURRE (140 G)"" "
"29",107,10709,1,NA,"    KG"," ","A14","3","BISCUITI SALATINI""""  "
"30",107,10710,1,NA,"    KG"," ","A14","3","BISCUITI DIGESTIVI - VRAC  "
"31",108,NA,1,NA,""," ","","3","SPECIALITATI DE PANIFICATIE  "
"32",108,10804,1,NA,"  PACHET","1","A3","3","FOI DE PLACINTA (PACHET DE  350-500 G) "
"33",108,10807,1,NA,"  BUCATA","1","A3","3","COZONAC CU DIFERITE UMPLUTURI  (400-800 G) "
"34",108,10808,1,NA,"    KG"," ","A14","3","MINIPATEURI CU DIFERITE  UMPLUTURI "
"35",108,10809,1,NA,"  BUCATA","1","A14","3","STRUDEL (CU MERE SAU BRINZA)  (70-100 G) "
"36",108,10810,1,NA,"  PACHET","1","A3","3","BLAT PIZZA - PACHET 250-400 G  "
"37",108,10811,1,NA,"   PUNGA","1","A3","3","SARATELE (AMBALATE IN PUNGI)  (100-125 G) "
"38",108,10812,1,NA,"  BUCATA","1","A3","3","CHEC (CACAO, STAFIDE)  (200-500 G) "
"39",108,10813,1,NA,"  BUCATA","1","A3","3","COZONAC DE POST, CU RAHAT  (400-800 G) "
"40",108,10814,1,NA,"  BUCATA","1","A3","3","BLAT DE TORT PREAMBALAT, TIP  PANDISPAN (200-400 G) "
"41",108,10815,1,NA,"    KG"," ","A2","3","COVRIGEI CU SARE,MAC SAU SUSAN  "
"42",109,NA,1,NA,""," ","","3","PASTE FAINOASE  "
"43",109,10901,1,NA,"   PUNGA","1","A3","3","PASTE FAINOASE EXTRA DE DIFE-  RITE FORME: SCOICI, MELCI  ETC. (PUNGA DE 200-500 G) -"
"44",109,10902,1,NA,"   PUNGA","1","A3","3","TAITEI CU OU (PUNGA DE  200-400 G) "
"45",109,10905,1,NA,"  PACHET","2","A3","3","SPAGHETTI - IMPORT (PACHET  DE 500 G) "
"46",109,10906,1,NA,"  PACHET","1","A3","3","SPAGHETTI - INDIGENE (PACHET  DE 400-500 G) "
"47",109,10907,1,NA,"  PACHET","2","A3","3","MACAROANE (PACHET DE 500 G)  "
"48",110,NA,1,NA,""," ","","3","OREZ  "
"49",110,11001,1,NA,"    KG"," ","A3","3","OREZ CU BOB ROTUND, PREAMBALAT  "
"50",110,11002,1,NA,"    KG"," ","A3","3","OREZ CU BOB LUNG, PREAMBALAT  "
"51",110,11003,1,NA,"    KG"," ","A3","3","OREZ PREFIERT  "
"52",111,NA,1,NA,""," ","","3","GRIS, ARPACAS  "
"53",111,11101,1,NA,"   PUNGA","2","A3","3","GRIS PREAMBALAT (PUNGA 500 G)  "
"54",111,11102,1,NA,"    KG","2","A3","3","ARPACAS PREAMBALAT  "
"55",112,NA,1,NA,""," ","","3","ALTE PRODUSE DIN CEREALE  "
"56",112,11202,1,NA,"   PUNGA","2","A3","3","PESMET ALB (PUNGA DE 500 G)  "
"57",112,11203,1,NA,"   PUNGA","2","A3","3","FULGI DE PORUMB - INDIGENI  (PUNGA DE 150 G) "
"58",112,11204,1,NA,"   CUTIE","1","A3","3","CEREALE PENTRU MICUL DEJUN  NESTLE"" - CUTIE CARTON""  225-350 G"
"59",112,11205,1,NA,"   CUTIE","2","A3","3","MUSLI VITALIS (CUTIE 300 G)  "
"60",113,NA,1,NA,""," ","","3","LEGUME  "
"61",113,11301,1,1,"    KG"," ","A4","3","FASOLE USCATA  "
"62",113,11401,1,1,"    KG"," ","A4","3","CARTOFI TIMPURII SI DE VARA  "
"63",113,11402,1,1,"    KG"," ","A4","3","CARTOFI DE TOAMNA  "
"64",113,11501,1,1,"    KG"," ","A4","3","MORCOVI  "
"65",113,11602,1,1,"    KG"," ","A4","3","RIDICHI DE IARNA  "
"66",113,11603,1,1,"    KG"," ","A4","3","SFECLA ROSIE  "
"67",113,11701,1,1,"    KG"," ","A4","3","TOMATE (ROSII) DE CIMP  "
"68",113,11702,1,1,"    KG"," ","A4","3","TOMATE (ROSII) DE SERA SI  SOLARII "
"69",113,11801,1,1,"    KG"," ","A4","3","PATLAGELE VINETE, DE CIMP  "
"70",113,11802,1,1,"    KG"," ","A4","3","PATLAGELE VINETE, DE SERA SI  SOLARII "
"71",113,11901,1,1,"    KG"," ","A4","3","CEAPA USCATA  "
"72",113,12101,1,1,"    KG"," ","A4","3","ARDEI GRAS, DE CIMP  "
"73",113,12102,1,1,"    KG"," ","A4","3","ARDEI GRAS, DE SERA SI SOLARII  "
"74",113,12301,1,1,"    KG"," ","A4","3","VARZA ALBA DULCE, DE TOAMNA  "
"75",113,12302,1,1,"    KG"," ","A4","3","VARZA ALBA DULCE, TIMPURIE SI  DE VARA "
"76",113,12501,1,1,"    KG"," ","A4","3","CASTRAVETI PROASPETI, DE CIMP  "
"77",113,12502,1,1,"    KG"," ","A4","3","CASTRAVETI PROASPETI, DE SERA  SI SOLARII "
"78",113,12504,1,1,"    KG"," ","A4","3","DOVLECEI  "
"79",113,12511,1,NA,"    KG"," ","A4","3","CIUPERCI CHAMPIGNON"" (DE""  CULTURA) "
"80",113,12512,1,1,"  BUCATA"," ","A4","3","SALATA VERDE, DE CIMP  "
"81",113,12513,1,1,"  BUCATA"," ","A4","3","SALATA VERDE, DE SERA SI  SOLARII "
"82",113,12514,1,NA,"   CUTIE","2","A3","3","FULGI DE CARTOFI - INDIGENI  (CUTIE CARTON CCA. 100 G) "
"83",113,12515,1,NA,"   CUTIE","2","A3","3","FULGI DE FASOLE - INDIGENI  (CUTIE CARTON CCA. 100 G) "
"84",113,12516,1,NA,"   PUNGA","2","A3","3","AMESTEC DE LEGUME CONGELATE  (GREENS, DUJARDIN) - PUNGA  CCA. 450 G"
"85",126,NA,1,NA,""," ","","3","MURATURI SI VARZA ACRA  "
"86",126,12603,1,NA,"  BORCAN","2","A3","3","CASTRAVETI IN OTET - INDIGENI  (BORCAN DE CCA. 720 ML) "
"87",126,12604,1,NA,"  BORCAN","2","A3","3","GOGOSARI ROSII - INDIGENI  (BORCAN DE CCA. 720 ML) "
"88",127,NA,1,NA,""," ","","3","BULION  "
"89",127,12701,1,NA,"  BORCAN","1","A3","3","PASTA DE TOMATE - INDIGENA  (BORCAN DE 314-420 ML) "
"90",127,12702,1,NA,"  BORCAN","1","A3","3","BULION - INDIGEN (BORCAN DE  314-420 ML) "
"91",127,12703,1,NA,"  BORCAN","2","A3","3","TOMATE (ROSII INTREGI) IN  BULION - INDIGENE (BORCAN DE  CCA. 720 ML)"
"92",127,12709,1,NA," RECIPIENT","2","A3","3","SOS TOMAT (KETCHUP) PENTRU  GARNITURI - TIP TOMI TOPWAY""""  (RECIPIENT PLASTIC DE 350 G)"
"93",127,12710,1,NA,"   CUTIE","2","A3","3","SUC DE ROSII (CUTIE CARTON) -  1000 ML "
"94",128,NA,1,NA,""," ","","3","CONSERVE DE LEGUME  "
"95",128,12801,1,NA,"  BORCAN","2","A3","3","MAZARE VERDE (BORCAN DE CCA.  720 ML) "
"96",128,12802,1,NA,"  BORCAN","2","A3","3","FASOLE PASTAI, TAIATA (BORCAN  DE CCA. 720 ML) "
"97",128,12803,1,NA,"  BORCAN","2","A3","3","GHIVECI (BORCAN DE CCA.720 ML)  "
"98",128,12804,1,NA,"  BORCAN","1","A3","3","TOCANA DE LEGUME (BORCAN DE  300-370 ML) "
"99",128,12807,1,NA,"   CUTIE","2","A3","3","CIUPERCI TIP CHAMPIGNON (CUTIE  METALICA 400 G) "
"100",128,12808,1,NA,"  BORCAN","1","A3","3","ZACUSCA TRADITIONALA (BORCAN  270-315 G) "
"101",128,12809,1,NA,"  BORCAN","2","A3","3","ZARZAVAT PENTRU CIORBE (BORCAN  DE CCA. 720 ML) "
"102",128,12810,1,NA,"  BORCAN","1","A3","3","SPANAC (BORCAN 580-720 ML)  "
"103",128,12811,1,NA,"   CUTIE","1","A3","3","PORUMB BOABE (CUTIE 250-425 G)  "
"104",128,12812,1,NA,"  BORCAN","1","A3","3","PIURE DE LEGUME (EXCL. CARNE),  PENTRU COPII (NESTLE"" , ""HIPP"") - BORCAN 190-220 G"""
"105",129,NA,1,NA,""," ","","3","FRUCTE  "
"106",129,13101,1,1,"    KG"," ","A4","3","MERE  "
"107",129,13402,1,1,"    KG"," ","A4","3","PIERSICI  "
"108",129,13501,1,1,"    KG"," ","A4","3","PRUNE PROASPETE  "
"109",129,13601,1,1,"    KG"," ","A4","3","STRUGURI DE MASA  "
"110",129,13801,1,NA,"    KG"," ","A4","3","NECTARINE  "
"111",129,14002,1,NA,"    KG"," ","A9","3","FRUCTE CONGELATE - VRAC  (CAPSUNI, FRUCTE PADURE ETC.) "
"112",139,NA,1,NA,""," ","","3","CITRICE, ALTE FRUCTE MERI-  DIONALE SI TROPICALE "
"113",139,13901,1,NA,"    KG"," ","A5","3","LAMII  "
"114",139,13902,1,NA,"    KG"," ","A5","3","PORTOCALE  "
"115",139,13903,1,NA,"    KG"," ","A5","3","BANANE  "
"116",139,13904,1,NA,"    KG"," ","A5","3","GRAPEFRUIT  "
"117",139,13905,1,NA,"    KG"," ","A5","3","MASLINE NEGRE - CAL. I  "
"118",139,13906,1,NA,"    KG"," ","A5","3","STAFIDE - VRAC  "
"119",139,13907,1,NA,"    KG"," ","A5","3","KIWI  "
"120",139,13908,1,NA,"    KG"," ","A5","3","MANDARINE  "
"121",141,NA,1,NA,""," ","","3","ULEI COMESTIBIL  "
"122",141,14105,1,NA,"   LITRU"," ","A3","3","ULEI DE FLOAREA SOARELUI,  DUBLU RAFINAT "
"123",141,14106,1,NA,"   LITRU"," ","A3","3","ULEI DE FLOAREA SOARELUI,  DUBLU RAFINAT TIP FLORIOL""""  SAU BUNICA"""""
"124",141,14107,1,NA,"  STICLA","2","A3","3","ULEI DE MASLINE (STICLA DE  500 ML) "
"125",141,14108,1,NA,"   LITRU"," ","A3","3","ULEI DE PORUMB EXTRAS LA RECE  "
"126",142,NA,1,NA,""," ","","3","MARGARINA  "
"127",142,14201,1,NA,"   CUTIE","2","A3","3","MARGARINA (CUTIE PLASTIC DE  500 G) "
"128",142,14202,1,NA,"  PACHET","2","A3","3","MARGARINA - INDIGENA (PACHET  DE 250 G) "
"129",142,14203,1,NA,"   CUTIE","2","A3","3","MARGARINA - CUTIE PLASTIC  250 G (WIESANA, DELMA) "
"130",143,NA,1,NA,""," ","","3","COMPOT DE FRUCTE  "
"131",143,14301,1,NA,"  BORCAN","2","A3","3","COMPOT DE PIERSICI - INDIGEN  (BORCAN DE 720 ML) "
"132",143,14304,1,NA,"   CUTIE","2","A3","3","COMPOT DE ANANAS - IMPORT  (CUTIE METALICA DE 565 ML) "
"133",143,14306,1,NA,"  BORCAN","2","A3","3","COMPOT DE PRUNE - INDIGEN  (BORCAN DE CCA. 720 ML) "
"134",143,14307,1,NA,"  BORCAN","2","A3","3","COMPOT DE CIRESE - INDIGEN  (BORCAN DE CCA. 720 ML) "
"135",143,14308,1,NA,"  BORCAN","2","A3","3","COMPOT DE VISINE - INDIGEN  (BORCAN DE CCA. 720 ML) "
"136",143,14309,1,NA,"HIPP) - BORCAN""","  BORCAN","1","A3","PIURE DE FRUCTE (BANANA+FRUCTE  INDIGENE), PENTRU COPII  (NESTLE"""
"137",144,NA,1,NA,""," ","","3","DULCEATA, GEM  "
"138",144,14401,1,NA,"  BORCAN","1","A3","3","DULCEATA DE VISINE - INDIGENA  (BORCAN DE 360-450 ML) "
"139",144,14402,1,NA,"  BORCAN","1","A3","3","DULCEATA DE CIRESE - INDIGENA  (BORCAN DE 360-450 ML) "
"140",144,14403,1,NA,"  BORCAN","1","A3","3","GEM DE CAISE - INDIGEN (BORCAN  DE 360-450 ML) "
"141",144,14404,1,NA,"  BORCAN","1","A3","3","GEM DE PRUNE - INDIGEN (BORCAN  DE 360-450 ML) "
"142",144,14405,1,NA,"  BORCAN","1","A3","3","GEM DE VISINE - INDIGEN  (BORCAN DE 360-450 ML) "
"143",144,14406,1,NA,"  BORCAN","1","A3","3","GEM DE PIERSICI - INDIGEN  (BORCAN DE 360-450 ML) "
"144",144,14408,1,NA,"  BORCAN","1","A3","3","GEM DE CAPSUNI - INDIGEN  (BORCAN DE 360-450 ML) "
"145",145,NA,1,NA,""," ","","3","SIROP DE FRUCTE  "
"146",145,14506,1,NA,"  STICLA","2","A3","3","SIROP NATURAL DE FRUCTE  (STICLA DE 500 ML) "
"147",145,14508,1,NA,"   CUTIE"," ","A3","3","NECTAR DE FRUCTE (CUTIE CARTON  DE 1000 ML) "
"148",145,14509,1,NA,"  STICLA","2","A3","3","BAUTURA PENTRU COPII TEDY""""  (STICLA DE CCA. 300 ML) "
"149",145,14510,1,NA,"   CUTIE"," ","A3","3","SUC NATURAL DE FRUCTE (CUTIE  CARTON 1000 ML), 100% NATURAL  FARA ZAHAR"
"150",146,NA,1,NA,""," ","","3","ZAHAR  "
"151",146,14602,1,NA,"    KG"," ","A3","3","ZAHAR CRISTAL TOS - PREAMBALAT  "
"152",146,14603,1,NA,"   CUTIE","2","A3","3","ZAHAR CUBIC, PREAMBALAT  (500 G) "
"153",146,14604,1,NA,"   PUNGA","2","A3","3","ZAHAR PUDRA, PREAMBALAT  (500 G) "
"154",146,14605,1,NA,"   CUTIE","2","A3","3","ZAHAR BRUN (500 G)  "
"155",147,NA,1,NA,""," ","","3","CIOCOLATA, BOMBOANE  "
"156",147,14701,1,NA,"    KG"," ","A14","3","BOMBOANE AMANDINE - VRAC  "
"157",147,14702,1,NA,"    KG"," ","A14","3","BOMBOANE CU LAPTE - VRAC  "
"158",147,14703,1,NA,"    KG"," ","A14","3","BOMBOANE UMPLUTE CU CREMA  FRUCTE - VRAC "
"159",147,14710,1,NA,"    KG"," ","A14","3","DROPSURI SIMPLE - VRAC  "
"160",147,14711,1,NA,"    KG"," ","A14","3","CARAMELE CU LAPTE SAU FRUCTE -  VRAC "
"161",147,14712,1,NA,"  PACHET","2","A3","3","CIOCOLATA POIANA"" (PACHET""  DE CCA. 100 G) "
"162",147,14715,1,NA,"  PACHET","2","A3","3","CIOCOLATA KANDIA"" (PACHET DE""  CCA. 100 G) "
"163",147,14716,1,NA,"   CUTIE","1","A3","3","BOMBOANE DE CIOCOLATA LA CUTIE  (150-200 G) "
"164",147,14717,1,NA,"   CUTIE","2","A3","3","CREMA DE CIOCOLATA FINETTI""""  (CUTIE PLASTIC DE 200 G) "
"165",147,14719,1,NA,"   PUNGA","1","A3","3","BOMBOANE GUMATE CU AROMA DE  FRUCTE SUGUS"" (PUNGA""  200-250 G)"
"166",147,14720,1,NA,"  PACHET","2","A3","3","CIOCOLATA PRIMOLA"" (PACHET DE""  CCA. 100 G) "
"167",147,14721,1,NA,"  BORCAN","2","A3","3","NUTELLA (400 G)  "
"168",147,14722,1,NA,"  PACHET"," ","A3","3","CIOCOLATA DIETETICA CU LAPTE  (100 G) "
"169",147,14723,1,NA,"  PACHET"," ","A3","3","CIOCOLATA MILKA"" (100 G)""  "
"170",147,14724,1,NA,"  PACHET"," ","A3","3","GUMA MESTECAT ORBIT""""  FARA ZAHAR (14 G) "
"171",148,NA,1,NA,""," ","","3","RAHAT, HALVA  "
"172",148,14802,1,NA,"    KG"," ","A14","3","RAHAT SIMPLU, DIFERITE AROME  - VRAC "
"173",148,14803,1,NA,"  PACHET","1","A3","3","HALVA CU CACAO - INDIGENA  (PACHET DE 250-500 G) "
"174",149,NA,1,NA,""," ","","3","ALTE PRODUSE ZAHAROASE  "
"175",149,14903,1,NA,"  PACHET","1","A3","3","NAPOLITANE JOE"" ALFERS"", - PACHET DE 40-60 G"" "
"176",149,14905,1,NA,"   PLIC","1","A3","3","ZAHAR VANILAT (PLIC DE 8-10 G)  "
"177",149,14906,1,NA,"   PUNGA","1","A3","3","CROISSANT UMPLUT CU CIOCOLATA  - INDIGEN (PUNGA METALIZATA  DE 65-100 G) TIP MAGIC"" SAU"""
"178",149,14907,1,NA,"    KG"," ","A14","3","NAPOLITANE CU CACAO SAU  VANILIE - VRAC "
"179",149,14908,1,NA,"    KG"," ","A14","3","TURTA DULCE - VRAC  "
"180",149,14909,1,NA,"  BUCATA","1","A3","3","INGHETATA (50-100 G)  "
"181",149,14910,1,NA,"   CUTIE","2","A3","3","TORT DE INGHETATA (500 G)  "
"182",149,14911,1,NA,"    KG"," ","A14","3","FURSECURI AMBALATE IN CUTIE  "
"183",149,14912,1,NA,"  BUCATA","1","A3","3","RULADA CU GEM SAU CREMA  (180-300 G) "
"184",150,NA,1,NA,""," ","","3","CAFEA  "
"185",150,15001,1,NA,"    KG"," ","A7","3","CAFEA NATURALA BOABE - VRAC  "
"186",150,15003,1,NA,"   CUTIE"," ","A7","3","CAFEA SOLUBILA (NESS) (CUTIE  DE 100 G) "
"187",150,15005,1,NA,"   PLIC"," ","A7","3","CAFEA NATURALA MACINATA (PLIC  DE 100 G) "
"188",150,15006,1,NA,"   PUNGA"," ","A7","3","CAFEA DECOFEINIZATA (PUNGA DE  250 G) "
"189",150,15007,1,NA,"   BORCAN"," ","A7","3","CAFEA SOLUBILA, DECOFEINIZATA  - BORCAN 100 G "
"190",151,NA,1,NA,""," ","","3","CACAO  "
"191",151,15103,1,NA,"   PUNGA"," ","A3","3","PUDRA DE CACAO (PUNGA DE 50 G)  "
"192",151,15104,1,NA,"   PLIC"," ","A3","3","CAPUCCINO CU CIOCOLATA (PLIC  DE 12,5 G) "
"193",152,NA,1,NA,""," ","","3","VIN  "
"194",152,15201,1,NA,"  STICLA"," ","A8","3","VIN DE REGIUNE, SUPERIOR  (STICLA DE 1000 ML) "
"195",152,15205,1,NA,"  STICLA"," ","A8","3","VIN DE MASA (8-12 GRADE)  (STICLA PLASTIC DE 2000 ML) "
"196",152,15206,1,NA,"  STICLA"," ","A8","3","VIN RECAS (MUSCAT OTONEL,  MERLOT, CABERNET, FETEASCA  REGALA) - STICLA 750 ML"
"197",152,15207,1,NA,"  STICLA"," ","A8","3","VIN JIDVEI (SAUVIGNION BLANC,  FETEASCA REGALA,PINOT GRIS,  FETEASCA ALBA, MUSCAT OTONEL)"
"198",152,15208,1,NA,"  STICLA"," ","A8","3","VIN COTNARI (GRASA DE COTNARI,  FETEASCA ALBA, TAMIIOASA  ROMANEASCA) - STICLA 750 ML"
"199",152,15209,1,NA,"  STICLA"," ","A8","3","VIN MURFATLAR (PINOT GRIS,  CHARDONNAY, MUSCAT OTTONEL)  STICLA 750 ML"
"200",152,15210,1,NA,"  STICLA"," ","A8","3","VIN DE CALITATE SUPERIOARA  (JIDVEI, FETEASCA) - STICLA  1500 ML"
"201",153,NA,1,NA,""," ","","3","PRODUSE DIN VIN  "
"202",153,15301,1,NA," ""SILVANIA"""""," (STICLA DE 750 ML)","  STICLA"," ","SAMPANIE ATHENEE-PALACE""""  JIDVEI"" PANCIU"
"203",153,15303,1,NA,"  STICLA"," ","A8","3","CONIAC ALEXANDRION"" (STICLA""  700 ML) "
"204",153,15304,1,NA,"  STICLA"," ","A8","3","VERMUT GARRONE"" (STICLA DE""  1000 ML) "
"205",153,15305,1,NA,"  STICLA"," ","A8","3","CONIAC - INDIGEN, 36 GRADE  (STICLA DE 500 ML) "
"206",153,15306,1,NA,"  STICLA"," ","A8","3","SAMPANIE ANGELLI""""  (STICLA DE 750 ML) "
"207",154,NA,1,NA,""," ","","3","BERE  "
"208",154,15401,1,NA,"  STICLA"," ","A8","3","BERE BLONDA, PASTEURIZATA -  INDIGENA (STICLA DE 500 ML,  EXCLUSIV STICLA)"
"209",154,15403,1,NA,"   CUTIE"," ","A8","3","BERE LA CUTIE DE 500 ML  "
"210",154,15404,1,NA,"  STICLA"," ","A8","3","BERE BLONDA (STICLA PLASTIC  2-2,5 L) "
"211",154,15405,1,NA,"   CUTIE"," ","A8","3","BERE FARA ALCOOL (CUTIE DE 500  ML) "
"212",155,NA,1,NA,""," ","","3","TUICA SI RACHIURI NATURALE  "
"213",155,15503,1,NA,"  STICLA"," ","A8","3","RACHIU (STICLA DE 500 ML)  "
"214",155,15504,1,NA,"  STICLA","2","A8","3","TARIE DE BIHOR, 37,5 GRADE  (STICLA PLASTIC DE 500 ML) "
"215",156,NA,1,NA,""," ","","3","ALTE BAUTURI ALCOOLICE  "
"216",156,15601,1,NA,"  STICLA","2","A8","3","VODCA - INDIGENA, 30 GRADE  (STICLA DE 500 ML) "
"217",156,15603,1,NA,"","  STICLA","2","A8","ROM MATELOT""  30 GRADE""  (STICLA DE 500 ML)"
"218",156,15605,1,NA,"  STICLA"," ","A8","3","LICHIOR SUPERIOR DE PORTOCALE,  MANDARINE, TRANDAFIRI, VANI-  LIE, CAISE, CIRESE (STICLA"
"219",156,15606,1,NA,"  STICLA","1","A8","3","WHISKY JOHNNIE WALKER""""  (STICLA 700-750 ML) "
"220",156,15607,1,NA,"  STICLA","2","A8","3","VODCA 40 GRADE (STICLA DE  500 ML) "
"221",156,15608,1,NA,"  STICLA","2","A8","3","ALCOOL DUBLU RAFINAT, 96 GRADE  (STICLA DE 500 ML) "
"222",157,NA,1,NA,""," ","","3","BAUTURI NEALCOOLICE  "
"223",157,15703,1,NA,"  STICLA"," ","A3","3","COCA-COLA (STICLA DIN PLASTIC  DE 2000 ML) "
"224",157,15704,1,NA,"  STICLA"," ","A3","3","APA MINERALA CARBOGAZOASA  (STICLA PLASTIC DE 1500 ML) "
"225",157,15705,1,NA,"  STICLA"," ","A3","3","PEPSI-COLA (STICLA DIN PLASTIC  DE 1250 ML) "
"226",157,15706,1,NA,"  STICLA","2","A3","3","FRUTTI FRESH (STICLA PLASTIC  DE 500 ML) "
"227",157,15708,1,NA,"   BIDON"," ","A3","3","APA PLATA NATURALA (BIDON  PLASTIC DE 5000 ML) "
"228",157,15709,1,NA,"  STICLA"," ","A3","3","ICE TEA (STICLA PLASTIC DE  1500 ML) "
"229",157,15710,1,NA,"  STICLA"," ","A3","3","BAUTURA RACORITOARE,  NEACIDULATA, TIP PRIGAT  (500 ML)"
"230",157,15711,1,NA,"  STICLA"," ","A3","3","APA PLATA NATURALA (STICLA  PLASTIC DE 2000 ML) "
"231",158,NA,1,NA,""," ","","3","CARNE DE BOVINE  "
"232",158,15801,1,NA,"    KG"," ","A14","3","CARNE VITA, MINZAT FARA OS  (PULPA, VRABIOARE) "
"233",158,15802,1,NA,"    KG"," ","A9","3","CARNE VITA, MINZAT CU OS (CAP  DE PIEPT, PIEPT, RASOALE) "
"234",158,15803,1,NA,"    KG"," ","A9","3","CARNE VITA, MINZAT, CU OS  (ANTRICOT, VRABIOARE, PULPA) "
"235",158,15805,1,NA,"    KG"," ","A14","3","MUSCHI DE VITA, MINZAT,  FASONAT "
"236",158,15807,1,NA,"    KG"," ","A14","3","FICAT DE VITA  "
"237",158,15808,1,NA,"    KG"," ","A14","3","INIMA DE VITA  "
"238",158,15809,1,NA,"    KG"," ","A14","3","LIMBA DE VITA, FARA SLUNG  "
"239",158,15810,1,NA,"    KG"," ","A14","3","RINICHI DE VITA  "
"240",158,15811,1,NA,"    KG"," ","A14","3","CARNE TOCATA DE VITA  "
"241",159,NA,1,NA,""," ","","3","CARNE DE PORCINE  "
"242",159,15901,1,NA,"    KG"," ","A14","3","CARNE PORC, FARA OS SI SLANINA  (PULPA) "
"243",159,15902,1,NA,"    KG"," ","A9","3","CARNE PORC, CU OS, FARA  SLANINA (CEAFA, ANTRICOT,  COTLET)"
"244",159,15905,1,NA,"    KG"," ","A9","3","CARNE PORC (FLEICA, PIEPT)  "
"245",159,15906,1,NA,"    KG"," ","A14","3","MUSCHI DE PORC, FASONAT  "
"246",159,15907,1,NA,"    KG"," ","A14","3","CARNE DE PORC, TOCATA  "
"247",159,15909,1,NA,"    KG"," ","A14","3","FICAT DE PORC  "
"248",159,15911,1,NA,"    KG"," ","A14","3","INIMA DE PORC  "
"249",159,15912,1,NA,"    KG"," ","A14","3","LIMBA DE PORC, FARA SLUNG  "
"250",159,15913,1,NA,"    KG"," ","A14","3","RINICHI DE PORC  "
"251",159,15915,1,NA,"    KG"," ","A14","3","CARNE TOCATA AMESTEC (PORC SI  VITA) "
"252",159,15916,1,NA,"    KG"," ","A14","3","CEAFA, COTLET FARA OS SI  SLANINA "
"253",160,NA,1,NA,""," ","","3","CARNE DE OVINE  "
"254",160,16002,1,NA,"    KG"," ","A4","3","CARNE OAIE SI MIEL  "
"255",161,NA,1,NA,""," ","","3","CARNE DE PASARE  "
"256",161,16101,1,NA,"    KG"," ","A10","3","PUI (FARA CAP, GIT, GHEARE),  PREAMBALAT "
"257",161,16104,1,NA,"    KG"," ","A10","3","PULPE PUI, PREAMBALATE  "
"258",161,16105,1,NA,"    KG"," ","A10","3","PIEPT PASARE,CU OS, PREAMBALAT  "
"259",161,16106,1,NA,"    KG"," ","A10","3","FICAT PUI, PREAMBALAT  "
"260",161,16107,1,NA,"    KG"," ","A10","3","PIPOTE SI INIMI DE PUI SI  GAINA, PREAMBALATE "
"261",161,16108,1,NA,"    KG"," ","A10","3","CARNE DE GAINA (CU CAP, GIT,  GHEARE), PREAMBALATA "
"262",161,16109,1,NA,"    KG"," ","A10","3","ARIPI DE PUI, PREAMBALATE  "
"263",161,16110,1,NA,"    KG"," ","A10","3","PIEPT DE PUI, DEZOSAT,  PREAMBALAT "
"264",161,16111,1,NA,"    KG"," ","A10","3","PULPE SUPERIOARE DE CURCAN,  CU OS "
"265",161,16112,1,NA,"    KG"," ","A10","3","PIEPT DE CURCAN, DEZOSAT  "
"266",161,16113,1,NA,"    KG"," ","A10","3","PULPE SUPERIOARE DE PUI, FARA  PIELE SI OS, PREAMBALATE "
"267",163,NA,1,NA,""," ","","3","SPECIALITATI PREPARATE DIN  CARNE "
"268",163,16301,1,NA,"    KG"," ","A6","3","MUSCHI FILE  "
"269",163,16302,1,NA,"    KG"," ","A6","3","MUSCHI TIGANESC  "
"270",163,16304,1,NA,"    KG"," ","A6","3","PASTRAMA DE PORC  "
"271",163,16305,1,NA,"    KG"," ","A6","3","SUNCA PRESATA, DE PORC  "
"272",163,16306,1,NA,"    KG"," ","A6","3","CEAFA AFUMATA  "
"273",163,16307,1,NA,"    KG"," ","A6","3","PASTRAMA PUI (PIEPT, PULPE)  "
"274",163,16308,1,NA,"    KG"," ","A6","3","JAMBON PORC, AFUMAT  "
"275",163,16309,1,NA,"    KG"," ","A6","3","SUNCA DE CURCAN  "
"276",163,16310,1,NA,"    KG"," ","A6","3","KAISER  "
"277",163,16311,1,NA,"    KG"," ","A6","3","RULADA PIEPT PUI  "
"278",164,NA,1,NA,""," ","","3","SALAMURI, CIRNATI  "
"279",164,16401,1,NA,"    KG"," ","A6","3","CIRNATI CABANOS  "
"280",164,16402,1,NA,"    KG"," ","A6","3","CIRNATI TRANDAFIR  "
"281",164,16404,1,NA,"    KG"," ","A6","3","PARIZER DIN CARNE DE VITA SAU  PORC "
"282",164,16407,1,NA,"    KG"," ","A6","3","SALAM DE VARA  "
"283",164,16408,1,NA,"    KG"," ","A6","3","SALAM VICTORIA  "
"284",164,16409,1,NA,"    KG"," ","A6","3","SALAM ITALIAN  "
"285",164,16410,1,NA,"    KG"," ","A6","3","SALAM BACAU, DACIA, CARPATI,  SALONTA, SASESC, BANATEAN "
"286",164,16411,1,NA,"    KG"," ","A6","3","SALAM DE SIBIU  "
"287",164,16414,1,NA,"    KG"," ","A6","3","PARIZER DE PASARE  "
"288",164,16415,1,NA,"    KG"," ","A6","3","CIRNATI PROASPETI  "
"289",164,16416,1,NA,"    KG"," ","A6","3","CIRNATI DE CASA, SEMIAFUMATI  "
"290",165,NA,1,NA,""," ","","3","ALTE PREPARATE DIN CARNE  "
"291",165,16501,1,NA,"    KG"," ","A6","3","CREMWURSTI  "
"292",165,16502,1,NA,"    KG"," ","A6","3","COSTITA AFUMATA (CU OS)  "
"293",165,16503,1,NA,"    KG"," ","A6","3","CIOLAN AFUMAT  "
"294",165,16504,1,1,"    KG"," ","A6","3","SLANINA AFUMATA  "
"295",165,16506,1,NA,"    KG"," ","A6","3","LEBERWURSTI  "
"296",165,16507,1,NA,"    KG"," ","A6","3","TOBA  "
"297",165,16508,1,NA,"    KG"," ","A14","3","PASTA PENTRU MITITEI  "
"298",165,16509,1,NA,"    KG"," ","A6","3","PIEPT CONDIMENTAT (FARA OS)  "
"299",165,16510,1,NA,"    KG"," ","A6","3","OASE AFUMATE - GARF  "
"300",165,16511,1,NA,"    KG"," ","A6","3","POLONEZI DE PUI  "
"301",166,NA,1,NA,""," ","","3","CONSERVE DIN CARNE  "
"302",166,16601,1,NA,"   CUTIE","2","A3","3","PATE FICAT (CUTIE DE 200 G)  "
"303",166,16603,1,NA,"   CUTIE","2","A3","3","CARNE PORC, IN SUC PROPRIU  (CUTIE DE 300 G) "
"304",166,16604,1,NA,"   CUTIE","2","A3","3","CARNE VITA, IN SUC PROPRIU  (CUTIE DE 300 G) "
"305",166,16605,1,NA,"    KG"," ","A6","3","PATE FICAT, IN FORMA DE SALAM  "
"306",166,16606,1,NA,"   CUTIE","2","A3","3","PATE VEGETAL (CUTIE DE 200 G)  "
"307",166,16607,1,NA,"   CUTIE","2","A3","3","PATE FICAT (CUTIE DE 100 G)  "
"308",167,NA,1,NA,""," ","","3","SLANINA CRUDA, UNTURA  "
"309",167,16701,1,NA,"    KG"," ","A6","3","SLANINA CRUDA  "
"310",169,NA,1,NA,""," ","","3","PESTE  "
"311",169,16901,1,NA,"    KG"," ","A4","3","CRAP DE APA DULCE, PROASPAT  "
"312",169,16902,1,NA,"    KG"," ","A4","3","CARAS DE APA DULCE, PROASPAT  "
"313",169,16903,1,NA,"    KG"," ","A4","3","PASTRAV PROASPAT, EVISCERAT  "
"314",169,16906,1,NA,"    KG"," ","A11","3","MACROU OCEANIC, CONGELAT  "
"315",169,16907,1,NA,"    KG"," ","A11","3","COD FILE, CONGELAT  "
"316",169,16908,1,NA,"   CUTIE","1","A3","3","BATOANE DE PESTE CONGELAT DATE  PRIN PESMET (200-500 G) "
"317",169,16909,1,NA,"    KG"," ","A4","3","SOMON PROASPAT - FILE  "
"318",169,16910,1,NA,"    KG"," ","A9","3","FRUCTE DE MARE CONGELATE  (COCKTAIL - VRAC) "
"319",169,17002,1,NA,"    KG"," ","A11","3","MACROU OCEANIC, AFUMAT  "
"320",169,17004,1,NA,"    KG"," ","A4","3","ICRE CRAP, NEPREPARATE - VRAC  "
"321",169,17005,1,NA,"   CUTIE","1","A3","3","SALATA DE ICRE CRAP (CUTIE  PLASTIC 100-200 G) "
"322",171,NA,1,NA,""," ","","3","CONSERVE DIN PESTE  "
"323",171,17104,1,NA,"   CUTIE","1","A3","3","SARDINA IN ULEI (CUTIE DE 120-  200 G) "
"324",171,17105,1,NA,"   CUTIE","1","A3","3","HERING IN SOS TOMAT (CUTIE DE  140-200 G) "
"325",171,17106,1,NA,"   CUTIE","2","A3","3","TON IN ULEI (CUTIE DE 185 G)  "
"326",171,17107,1,NA,"   CUTIE","2","A3","3","FILE (HERING, MACROU) IN SOS  TOMAT - CUTIE 170 G "
"327",172,NA,1,NA,""," ","","3","LAPTE  "
"328",172,17201,1,1,"   LITRU","1","A12","3","LAPTE DE VACA, DEGRESAT  (1,5-1,8%) "
"329",172,17203,1,NA,"   LITRU","1","A12","3","LAPTE DE VACA CU GRASIME  (2,0-3,0%) "
"330",172,17204,1,NA,"   LITRU","1","A12","3","LAPTE DE VACA, PASTEURIZAT, CU  GRASIME (3-4%), (DORNA"" , ""FULGA"") - CUTIE CARTON DE"""
"331",172,17205,1,NA,"   LITRU","2","A12","3","LAPTE 0,1% GRASIME (CUTIE  CARTON) "
"332",172,17206,1,NA,", ""MILLI"") - CUTIE CARTON DE""","   LITRU","2","A12","LAPTE DE VACA, UHT, CU GRASIME  3,5% (LA DORNA""  ""FULGA"""
"333",172,17404,1,NA,"   PUNGA","1","A3","3","LAPTE PRAF (PUNGA METALIZATA  DE 250-500 G) "
"334",172,17503,1,NA,"   PAHAR","1","A12","3","IAURT (PAHAR PLASTIC  150-200 ML) "
"335",172,17505,1,NA,"   PAHAR","2","A12","3","IAURT CU FRUCTE (125 G)  "
"336",172,17507,1,NA,"   PAHAR","1","A12","3","IAURT NATURAL FARA GRASIME  (PAHAR PLASTIC 375-450 G) "
"337",172,17508,1,NA,"  STICLA","1","A12","3","LAPTE BATUT (STICLA PLASTIC  800-1000 G) "
"338",172,17509,1,NA,"  STICLA","1","A12","3","SANA (STICLA PLASTIC 800-  1000 G) "
"339",172,17510,1,NA,"   PAHAR","1","A12","3","IAURT DE BAUT (PAHAR 320 -  350 G) "
"340",172,17511,1,NA,"   PAHAR","1","A12","3","KEFIR (PAHAR PLASTIC  375-450 G) "
"341",176,NA,1,NA,""," ","","3","BRINZA (TELEMEA)  "
"342",176,17601,1,1,"    KG"," ","A4","3","BRINZA (TELEMEA) DIN LAPTE DE  VACA "
"343",176,17602,1,NA,"    KG"," ","A4","3","BRINZA (TELEMEA) DIN LAPTE DE  BIVOLITA "
"344",176,17603,1,NA,"    KG"," ","A4","3","CAS DULCE DIN LAPTE DE VACA  "
"345",176,17604,1,NA,"    KG"," ","A4","3","BRINZA FETA""""  "
"346",176,17701,1,1,"    KG"," ","A4","3","BRINZA (TELEMEA) DIN LAPTE DE  OAIE "
"347",176,17702,1,NA,"    KG"," ","A4","3","BRINZA (TELEMEA) DIN LAPTE DE  CAPRA "
"348",178,NA,1,NA,""," ","","3","BRINZA PROASPATA SI SMINTINA  "
"349",178,17801,1,1,"    KG"," ","A4","3","BRINZA GRASA, DIN LAPTE DE  VACA - VRAC "
"350",178,17803,1,NA,"   PAHAR","1","A12","3","BRINZA CU SMINTINA (PAHAR  PLASTIC 150-200 G) "
"351",178,17805,1,1,"    KG"," ","A4","3","SMINTINA - VRAC  "
"352",178,17806,1,NA,"   PAHAR","1","A12","3","SMINTINA (PAHAR PLASTIC  175-200 ML) "
"353",178,17807,1,NA,"  PACHET","2","A12","3","BRINZA DE VACI, GRASA (PACHET  DE 250 G) "
"354",178,17808,1,NA,"   CUTIE","2","A12","3","BRINZA PROASPATA CREMA  HOCHLAND (CU VERDEATA,  CASTRAVETI) - CUTIE PLASTIC"
"355",178,17809,1,NA," GALETUSA","1","A12","3","SMINTINA LA GALETUSA, 12%  GRASIME (800-1000 ML) "
"356",178,17810,1,NA,"  BUCATA","2","A12","3","MOZZARELLA DELACO (CCA. 400 G)  "
"357",179,NA,1,NA,""," ","","3","CASCAVAL  "
"358",179,17901,1,NA,"    KG"," ","A13","3","CASCAVAL (DIN LAPTE DE VACA)  "
"359",179,17902,1,NA,"    KG"," ","A13","3","CASCAVAL (DIN LAPTE DE OAIE)  "
"360",179,17903,1,NA,"    KG"," ","A13","3","CASCAVAL AFUMAT  "
"361",179,17904,1,NA,"    KG"," ","A13","3","CASCAVAL SWEITZER  "
"362",179,17905,1,NA,"  PACHET"," ","A12","3","PARMEZAN RAS (REGGIANO, GRANA  PADANO) - 100 G "
"363",180,NA,1,NA,""," ","","3","ALTE FELURI DE BRINZA  "
"364",180,18002,1,NA,"    KG"," ","A13","3","BRINZA TOPITA, IN FORMA DE  SALAM SAU BLOC "
"365",180,18003,1,NA,"    KG"," ","A13","3","BRINZA DE BURDUF  "
"366",180,18005,1,NA,"   CUTIE","2","A3","3","BRINZA TOPITA, CU ADAOSURI  (CUTIE DE 140 G) "
"367",180,18006,1,NA,"  PACHET","1","A3","3","BRINZA TOPITA FELII (PACHET  AMBALAT IN FOLIE PLASTIC)  (140-150 G)"
"368",181,NA,1,NA,""," ","","3","UNT  "
"369",181,18101,1,NA,"  PACHET","2","A12","3","UNT DE MASA, CU 65% GRASIME  (PACHET DE 200 G) "
"370",181,18102,1,NA,"  PACHET","2","A12","3","UNT DE MASA, CCA. 80% GRASIME  (PACHET DE 200 G) "
"371",181,18103,1,NA,"  PACHET","2","A12","3","UNT - IMPORT (PACHET DE  250 G) "
"372",182,NA,1,NA,""," ","","3","OUA  "
"373",182,18201,1,1,"  BUCATA"," ","A4","3","OUA DE LA GAINI CRESCUTE LA  SOL (COD 1, MARIME M) "
"374",182,18202,1,NA,"  BUCATA"," ","A4","3","OUA DE LA GAINI CRESCUTE IN  BATERII (COD 3, MARIME M) "
"375",183,NA,1,NA,""," ","","3","MIERE DE ALBINE  "
"376",183,18301,1,NA,"  BORCAN"," ","A3","3","MIERE POLIFLORA - CALITATE  SUPERIOARA (BORCAN DE 350-  500 ML)"
"377",184,NA,1,NA,""," ","","3","SARE SI CONDIMENTE  "
"378",184,18402,1,NA,"    KG"," ","A4","3","SARE GRUNJOASA  "
"379",184,18404,1,NA,"   CUTIE","1","A3","3","MUSTAR DE MASA, SIMPLU (200-  300 G) "
"380",184,18405,1,NA,"  STICLA","1","A3","3","HELLAS (STICLA PLASTIC DE  170-200 ML) "
"381",184,18406,1,NA," STICLUTA","1","A3","3","ESENTA DE ROM, VANILIE, FISTIC  (STICLUTA DE 25-30 ML) "
"382",184,18407,1,NA,"   CUTIE"," ","A10","3","SARE EXTRA, IODATA (CUTIE  CARTON DE 1000 G) "
"383",184,18408,1,NA,"   PLIC","1","A3","3","PIPER NEGRU, BOABE (PLIC DE  10-20 G) "
"384",184,18409,1,NA,"   PLIC","1","A3","3","CONDIMENTE, DIVERSE SORTIMENTE  (PLIC 20-25 G) "
"385",185,NA,1,NA,""," ","","3","ALTE PRODUSE ALIMENTARE  "
"386",185,18502,1,NA,"   PLIC","2","A3","3","CEAI INSTANT (PLIC DIN HIRTIE  POROASA DE 2 G) "
"387",185,18503,1,NA,"  PACHET","2","A3","3","DROJDIE DE BERE, PROASPATA,  COMPRIMATA (PACHET DE 500 G) "
"388",185,18504,1,NA,"  PACHET","1","A3","3","DELIKAT (PACHET DE 75-80 G)  "
"389",185,18507,1,NA,"  STICLA"," ","A3","3","OTET ALIMENTAR DE 9 GRADE  (STICLA PLASTIC DE 1000 ML) "
"390",185,18508,1,NA,"  STICLA","2","A3","3","OTET DE MERE (STICLA PLASTIC  DE 500 ML) "
"391",185,18509,1,NA,"  PACHET","1","A3","3","SUPA DE PUI CU LEGUME KNORR""""  (PACHET DE 50-70 G) "
"392",185,18510,1,NA,"   FIOLA","2","A3","3","ESENTE DIFERITE AROME DR.""  OETKER (FIOLE 2 ML)"" "
"393",185,18511,1,NA,"","   PLIC","2","A3","PRAF DE COPT (RUFF""  ""DR.""  OETKER) (PLIC 10 G)"""
"394",185,18514,1,NA,"  PACHET","2","A3","3","PRAF DE FRISCA DR. OETKER""""  (PACHET DE 48 G) "
"395",185,18516,1,NA,"   LITRU"," ","A14","3","BORS (STICLA SAU PUNGA PLASTIC  1 L) "
"396",185,18517,1,NA,"  BUCATA","1","A3","3","MAIONEZA (BORCAN SAU BIDON  PLASTIC DE 250-550 G) "
"397",185,18518,1,NA,"   PLIC","2","A3","3","PRAF DE BUDINCA (PLIC DE CCA.  40 G) "
"398",185,18519,1,NA,"   PUNGA","1","A3","3","SOIA FELII (PUNGA 100-200 G)  "
"399",185,18520,1,NA,"   PUNGA","1","A3","3","ALUNE PREAMBALATE, SARATE  (PUNGA 100-200 G) "
"400",185,18521,1,NA,"   CUTIE","2","A3","3","FRISCA VEGETALA (CUTIE CARTON  0,5 L) "
"401",185,18522,1,NA,"  BORCAN"," ","A3","3","SOS PENTRU PASTE, DIVERSE  SORTIMENTE (BORCAN 350-425 G) "
"402",185,18523,1,NA,"  BUCATA"," ","A3","3","PIEPT PUI LA GRATAR (CUTIE  200-250 G) "
